uniprot_id,protein_variant,variant_sequence,am_pathogenicity,am_class
A0A024R1R8,M1A,ASSHEGGKKKALKQPKKQAKEMDEEEKAFKQKQKEEQKKLEVLKAKVVGKGPLATGGIKKSGKK,0.4673,ambiguous
A0A024R1R8,M1C,CSSHEGGKKKALKQPKKQAKEMDEEEKAFKQKQKEEQKKLEVLKAKVVGKGPLATGGIKKSGKK,0.3828,ambiguous
A0A024R1R8,M1D,DSSHEGGKKKALKQPKKQAKEMDEEEKAFKQKQKEEQKKLEVLKAKVVGKGPLATGGIKKSGKK,0.8267,pathogenic
A0A024R1R8,M1E,ESSHEGGKKKALKQPKKQAKEMDEEEKAFKQKQKEEQKKLEVLKAKVVGKGPLATGGIKKSGKK,0.5236,ambiguous
A0A024R1R8,M1F,FSSHEGGKKKALKQPKKQAKEMDEEEKAFKQKQKEEQKKLEVLKAKVVGKGPLATGGIKKSGKK,0.2753,benign
A0A024R1R8,M1G,GSSHEGGKKKALKQPKKQAKEMDEEEKAFKQKQKEEQKKLEVLKAKVVGKGPLATGGIKKSGKK,0.5476,ambiguous
A0A024R1R8,M1H,HSSHEGGKKKALKQPKKQAKEMDEEEKAFKQKQKEEQKKLEVLKAKVVGKGPLATGGIKKSGKK,0.5517,ambiguous
A0A024R1R8,M1I,ISSHEGGKKKALKQPKKQAKEMDEEEKAFKQKQKEEQKKLEVLKAKVVGKGPLATGGIKKSGKK,0.321,benign
A0A024R1R8,M1K,KSSHEGGKKKALKQPKKQAKEMDEEEKAFKQKQKEEQKKLEVLKAKVVGKGPLATGGIKKSGKK,0.2877,benign
A0A024R1R8,M1L,LSSHEGGKKKALKQPKKQAKEMDEEEKAFKQKQKEEQKKLEVLKAKVVGKGPLATGGIKKSGKK,0.1751,benign
A0A024R1R8,M1N,NSSHEGGKKKALKQPKKQAKEMDEEEKAFKQKQKEEQKKLEVLKAKVVGKGPLATGGIKKSGKK,0.5724,pathogenic
A0A024R1R8,M1P,PSSHEGGKKKALKQPKKQAKEMDEEEKAFKQKQKEEQKKLEVLKAKVVGKGPLATGGIKKSGKK,0.6124,pathogenic
A0A024R1R8,M1Q,QSSHEGGKKKALKQPKKQAKEMDEEEKAFKQKQKEEQKKLEVLKAKVVGKGPLATGGIKKSGKK,0.2625,benign
A0A024R1R8,M1R,RSSHEGGKKKALKQPKKQAKEMDEEEKAFKQKQKEEQKKLEVLKAKVVGKGPLATGGIKKSGKK,0.2678,benign
A0A024R1R8,M1S,SSSHEGGKKKALKQPKKQAKEMDEEEKAFKQKQKEEQKKLEVLKAKVVGKGPLATGGIKKSGKK,0.4769,ambiguous
A0A024R1R8,M1T,TSSHEGGKKKALKQPKKQAKEMDEEEKAFKQKQKEEQKKLEVLKAKVVGKGPLATGGIKKSGKK,0.3971,ambiguous
A0A024R1R8,M1V,VSSHEGGKKKALKQPKKQAKEMDEEEKAFKQKQKEEQKKLEVLKAKVVGKGPLATGGIKKSGKK,0.1025,benign
A0A024R1R8,M1W,WSSHEGGKKKALKQPKKQAKEMDEEEKAFKQKQKEEQKKLEVLKAKVVGKGPLATGGIKKSGKK,0.3668,ambiguous
A0A024R1R8,M1Y,YSSHEGGKKKALKQPKKQAKEMDEEEKAFKQKQKEEQKKLEVLKAKVVGKGPLATGGIKKSGKK,0.4667,ambiguous
A0A024R1R8,S2A,MASHEGGKKKALKQPKKQAKEMDEEEKAFKQKQKEEQKKLEVLKAKVVGKGPLATGGIKKSGKK,0.0871,benign
A0A024R1R8,S2C,MCSHEGGKKKALKQPKKQAKEMDEEEKAFKQKQKEEQKKLEVLKAKVVGKGPLATGGIKKSGKK,0.1278,benign
A0A024R1R8,S2D,MDSHEGGKKKALKQPKKQAKEMDEEEKAFKQKQKEEQKKLEVLKAKVVGKGPLATGGIKKSGKK,0.2765,benign
A0A024R1R8,S2E,MESHEGGKKKALKQPKKQAKEMDEEEKAFKQKQKEEQKKLEVLKAKVVGKGPLATGGIKKSGKK,0.3726,ambiguous
A0A024R1R8,S2F,MFSHEGGKKKALKQPKKQAKEMDEEEKAFKQKQKEEQKKLEVLKAKVVGKGPLATGGIKKSGKK,0.1691,benign
A0A024R1R8,S2G,MGSHEGGKKKALKQPKKQAKEMDEEEKAFKQKQKEEQKKLEVLKAKVVGKGPLATGGIKKSGKK,0.0916,benign
A0A024R1R8,S2H,MHSHEGGKKKALKQPKKQAKEMDEEEKAFKQKQKEEQKKLEVLKAKVVGKGPLATGGIKKSGKK,0.3094,benign
A0A024R1R8,S2I,MISHEGGKKKALKQPKKQAKEMDEEEKAFKQKQKEEQKKLEVLKAKVVGKGPLATGGIKKSGKK,0.1957,benign
A0A024R1R8,S2K,MKSHEGGKKKALKQPKKQAKEMDEEEKAFKQKQKEEQKKLEVLKAKVVGKGPLATGGIKKSGKK,0.4607,ambiguous
A0A024R1R8,S2L,MLSHEGGKKKALKQPKKQAKEMDEEEKAFKQKQKEEQKKLEVLKAKVVGKGPLATGGIKKSGKK,0.1742,benign
A0A024R1R8,S2M,MMSHEGGKKKALKQPKKQAKEMDEEEKAFKQKQKEEQKKLEVLKAKVVGKGPLATGGIKKSGKK,0.2713,benign
A0A024R1R8,S2N,MNSHEGGKKKALKQPKKQAKEMDEEEKAFKQKQKEEQKKLEVLKAKVVGKGPLATGGIKKSGKK,0.1827,benign
A0A024R1R8,S2P,MPSHEGGKKKALKQPKKQAKEMDEEEKAFKQKQKEEQKKLEVLKAKVVGKGPLATGGIKKSGKK,0.115,benign
A0A024R1R8,S2Q,MQSHEGGKKKALKQPKKQAKEMDEEEKAFKQKQKEEQKKLEVLKAKVVGKGPLATGGIKKSGKK,0.4171,ambiguous
A0A024R1R8,S2R,MRSHEGGKKKALKQPKKQAKEMDEEEKAFKQKQKEEQKKLEVLKAKVVGKGPLATGGIKKSGKK,0.3969,ambiguous
A0A024R1R8,S2T,MTSHEGGKKKALKQPKKQAKEMDEEEKAFKQKQKEEQKKLEVLKAKVVGKGPLATGGIKKSGKK,0.1015,benign
A0A024R1R8,S2V,MVSHEGGKKKALKQPKKQAKEMDEEEKAFKQKQKEEQKKLEVLKAKVVGKGPLATGGIKKSGKK,0.207,benign
A0A024R1R8,S2W,MWSHEGGKKKALKQPKKQAKEMDEEEKAFKQKQKEEQKKLEVLKAKVVGKGPLATGGIKKSGKK,0.2699,benign
A0A024R1R8,S2Y,MYSHEGGKKKALKQPKKQAKEMDEEEKAFKQKQKEEQKKLEVLKAKVVGKGPLATGGIKKSGKK,0.1662,benign
A0A024R1R8,S3A,MSAHEGGKKKALKQPKKQAKEMDEEEKAFKQKQKEEQKKLEVLKAKVVGKGPLATGGIKKSGKK,0.1005,benign
A0A024R1R8,S3C,MSCHEGGKKKALKQPKKQAKEMDEEEKAFKQKQKEEQKKLEVLKAKVVGKGPLATGGIKKSGKK,0.0902,benign
A0A024R1R8,S3D,MSDHEGGKKKALKQPKKQAKEMDEEEKAFKQKQKEEQKKLEVLKAKVVGKGPLATGGIKKSGKK,0.1527,benign
A0A024R1R8,S3E,MSEHEGGKKKALKQPKKQAKEMDEEEKAFKQKQKEEQKKLEVLKAKVVGKGPLATGGIKKSGKK,0.2619,benign
A0A024R1R8,S3F,MSFHEGGKKKALKQPKKQAKEMDEEEKAFKQKQKEEQKKLEVLKAKVVGKGPLATGGIKKSGKK,0.2072,benign
A0A024R1R8,S3G,MSGHEGGKKKALKQPKKQAKEMDEEEKAFKQKQKEEQKKLEVLKAKVVGKGPLATGGIKKSGKK,0.0517,benign
A0A024R1R8,S3H,MSHHEGGKKKALKQPKKQAKEMDEEEKAFKQKQKEEQKKLEVLKAKVVGKGPLATGGIKKSGKK,0.2165,benign
A0A024R1R8,S3I,MSIHEGGKKKALKQPKKQAKEMDEEEKAFKQKQKEEQKKLEVLKAKVVGKGPLATGGIKKSGKK,0.1394,benign
A0A024R1R8,S3K,MSKHEGGKKKALKQPKKQAKEMDEEEKAFKQKQKEEQKKLEVLKAKVVGKGPLATGGIKKSGKK,0.3378,benign
A0A024R1R8,S3L,MSLHEGGKKKALKQPKKQAKEMDEEEKAFKQKQKEEQKKLEVLKAKVVGKGPLATGGIKKSGKK,0.1893,benign
A0A024R1R8,S3M,MSMHEGGKKKALKQPKKQAKEMDEEEKAFKQKQKEEQKKLEVLKAKVVGKGPLATGGIKKSGKK,0.2854,benign
A0A024R1R8,S3N,MSNHEGGKKKALKQPKKQAKEMDEEEKAFKQKQKEEQKKLEVLKAKVVGKGPLATGGIKKSGKK,0.1461,benign
A0A024R1R8,S3P,MSPHEGGKKKALKQPKKQAKEMDEEEKAFKQKQKEEQKKLEVLKAKVVGKGPLATGGIKKSGKK,0.2119,benign
A0A024R1R8,S3Q,MSQHEGGKKKALKQPKKQAKEMDEEEKAFKQKQKEEQKKLEVLKAKVVGKGPLATGGIKKSGKK,0.3173,benign
A0A024R1R8,S3R,MSRHEGGKKKALKQPKKQAKEMDEEEKAFKQKQKEEQKKLEVLKAKVVGKGPLATGGIKKSGKK,0.2464,benign
A0A024R1R8,S3T,MSTHEGGKKKALKQPKKQAKEMDEEEKAFKQKQKEEQKKLEVLKAKVVGKGPLATGGIKKSGKK,0.1023,benign
A0A024R1R8,S3V,MSVHEGGKKKALKQPKKQAKEMDEEEKAFKQKQKEEQKKLEVLKAKVVGKGPLATGGIKKSGKK,0.1443,benign
A0A024R1R8,S3W,MSWHEGGKKKALKQPKKQAKEMDEEEKAFKQKQKEEQKKLEVLKAKVVGKGPLATGGIKKSGKK,0.2193,benign
A0A024R1R8,S3Y,MSYHEGGKKKALKQPKKQAKEMDEEEKAFKQKQKEEQKKLEVLKAKVVGKGPLATGGIKKSGKK,0.1581,benign
A0A024R1R8,H4A,MSSAEGGKKKALKQPKKQAKEMDEEEKAFKQKQKEEQKKLEVLKAKVVGKGPLATGGIKKSGKK,0.1428,benign
A0A024R1R8,H4C,MSSCEGGKKKALKQPKKQAKEMDEEEKAFKQKQKEEQKKLEVLKAKVVGKGPLATGGIKKSGKK,0.0763,benign
A0A024R1R8,H4D,MSSDEGGKKKALKQPKKQAKEMDEEEKAFKQKQKEEQKKLEVLKAKVVGKGPLATGGIKKSGKK,0.1405,benign
A0A024R1R8,H4E,MSSEEGGKKKALKQPKKQAKEMDEEEKAFKQKQKEEQKKLEVLKAKVVGKGPLATGGIKKSGKK,0.1662,benign
A0A024R1R8,H4F,MSSFEGGKKKALKQPKKQAKEMDEEEKAFKQKQKEEQKKLEVLKAKVVGKGPLATGGIKKSGKK,0.2236,benign
A0A024R1R8,H4G,MSSGEGGKKKALKQPKKQAKEMDEEEKAFKQKQKEEQKKLEVLKAKVVGKGPLATGGIKKSGKK,0.1155,benign
A0A024R1R8,H4I,MSSIEGGKKKALKQPKKQAKEMDEEEKAFKQKQKEEQKKLEVLKAKVVGKGPLATGGIKKSGKK,0.1986,benign
A0A024R1R8,H4K,MSSKEGGKKKALKQPKKQAKEMDEEEKAFKQKQKEEQKKLEVLKAKVVGKGPLATGGIKKSGKK,0.1061,benign
A0A024R1R8,H4L,MSSLEGGKKKALKQPKKQAKEMDEEEKAFKQKQKEEQKKLEVLKAKVVGKGPLATGGIKKSGKK,0.1166,benign
A0A024R1R8,H4M,MSSMEGGKKKALKQPKKQAKEMDEEEKAFKQKQKEEQKKLEVLKAKVVGKGPLATGGIKKSGKK,0.3334,benign
A0A024R1R8,H4N,MSSNEGGKKKALKQPKKQAKEMDEEEKAFKQKQKEEQKKLEVLKAKVVGKGPLATGGIKKSGKK,0.1395,benign
A0A024R1R8,H4P,MSSPEGGKKKALKQPKKQAKEMDEEEKAFKQKQKEEQKKLEVLKAKVVGKGPLATGGIKKSGKK,0.0966,benign
A0A024R1R8,H4Q,MSSQEGGKKKALKQPKKQAKEMDEEEKAFKQKQKEEQKKLEVLKAKVVGKGPLATGGIKKSGKK,0.1009,benign
A0A024R1R8,H4R,MSSREGGKKKALKQPKKQAKEMDEEEKAFKQKQKEEQKKLEVLKAKVVGKGPLATGGIKKSGKK,0.0469,benign
A0A024R1R8,H4S,MSSSEGGKKKALKQPKKQAKEMDEEEKAFKQKQKEEQKKLEVLKAKVVGKGPLATGGIKKSGKK,0.145,benign
A0A024R1R8,H4T,MSSTEGGKKKALKQPKKQAKEMDEEEKAFKQKQKEEQKKLEVLKAKVVGKGPLATGGIKKSGKK,0.1555,benign
A0A024R1R8,H4V,MSSVEGGKKKALKQPKKQAKEMDEEEKAFKQKQKEEQKKLEVLKAKVVGKGPLATGGIKKSGKK,0.1652,benign
A0A024R1R8,H4W,MSSWEGGKKKALKQPKKQAKEMDEEEKAFKQKQKEEQKKLEVLKAKVVGKGPLATGGIKKSGKK,0.1339,benign
A0A024R1R8,H4Y,MSSYEGGKKKALKQPKKQAKEMDEEEKAFKQKQKEEQKKLEVLKAKVVGKGPLATGGIKKSGKK,0.0917,benign
A0A024R1R8,E5A,MSSHAGGKKKALKQPKKQAKEMDEEEKAFKQKQKEEQKKLEVLKAKVVGKGPLATGGIKKSGKK,0.1068,benign
A0A024R1R8,E5C,MSSHCGGKKKALKQPKKQAKEMDEEEKAFKQKQKEEQKKLEVLKAKVVGKGPLATGGIKKSGKK,0.5377,ambiguous
A0A024R1R8,E5D,MSSHDGGKKKALKQPKKQAKEMDEEEKAFKQKQKEEQKKLEVLKAKVVGKGPLATGGIKKSGKK,0.1414,benign
A0A024R1R8,E5F,MSSHFGGKKKALKQPKKQAKEMDEEEKAFKQKQKEEQKKLEVLKAKVVGKGPLATGGIKKSGKK,0.509,ambiguous
A0A024R1R8,E5G,MSSHGGGKKKALKQPKKQAKEMDEEEKAFKQKQKEEQKKLEVLKAKVVGKGPLATGGIKKSGKK,0.101,benign
A0A024R1R8,E5H,MSSHHGGKKKALKQPKKQAKEMDEEEKAFKQKQKEEQKKLEVLKAKVVGKGPLATGGIKKSGKK,0.2582,benign
A0A024R1R8,E5I,MSSHIGGKKKALKQPKKQAKEMDEEEKAFKQKQKEEQKKLEVLKAKVVGKGPLATGGIKKSGKK,0.2465,benign
A0A024R1R8,E5K,MSSHKGGKKKALKQPKKQAKEMDEEEKAFKQKQKEEQKKLEVLKAKVVGKGPLATGGIKKSGKK,0.0695,benign
A0A024R1R8,E5L,MSSHLGGKKKALKQPKKQAKEMDEEEKAFKQKQKEEQKKLEVLKAKVVGKGPLATGGIKKSGKK,0.2573,benign
A0A024R1R8,E5M,MSSHMGGKKKALKQPKKQAKEMDEEEKAFKQKQKEEQKKLEVLKAKVVGKGPLATGGIKKSGKK,0.3155,benign
A0A024R1R8,E5N,MSSHNGGKKKALKQPKKQAKEMDEEEKAFKQKQKEEQKKLEVLKAKVVGKGPLATGGIKKSGKK,0.2324,benign
A0A024R1R8,E5P,MSSHPGGKKKALKQPKKQAKEMDEEEKAFKQKQKEEQKKLEVLKAKVVGKGPLATGGIKKSGKK,0.2904,benign
A0A024R1R8,E5Q,MSSHQGGKKKALKQPKKQAKEMDEEEKAFKQKQKEEQKKLEVLKAKVVGKGPLATGGIKKSGKK,0.0914,benign
A0A024R1R8,E5R,MSSHRGGKKKALKQPKKQAKEMDEEEKAFKQKQKEEQKKLEVLKAKVVGKGPLATGGIKKSGKK,0.1108,benign
A0A024R1R8,E5S,MSSHSGGKKKALKQPKKQAKEMDEEEKAFKQKQKEEQKKLEVLKAKVVGKGPLATGGIKKSGKK,0.16,benign
A0A024R1R8,E5T,MSSHTGGKKKALKQPKKQAKEMDEEEKAFKQKQKEEQKKLEVLKAKVVGKGPLATGGIKKSGKK,0.1533,benign
A0A024R1R8,E5V,MSSHVGGKKKALKQPKKQAKEMDEEEKAFKQKQKEEQKKLEVLKAKVVGKGPLATGGIKKSGKK,0.1555,benign
A0A024R1R8,E5W,MSSHWGGKKKALKQPKKQAKEMDEEEKAFKQKQKEEQKKLEVLKAKVVGKGPLATGGIKKSGKK,0.5793,pathogenic
A0A024R1R8,E5Y,MSSHYGGKKKALKQPKKQAKEMDEEEKAFKQKQKEEQKKLEVLKAKVVGKGPLATGGIKKSGKK,0.3529,ambiguous
A0A024R1R8,G6A,MSSHEAGKKKALKQPKKQAKEMDEEEKAFKQKQKEEQKKLEVLKAKVVGKGPLATGGIKKSGKK,0.1143,benign
A0A024R1R8,G6C,MSSHECGKKKALKQPKKQAKEMDEEEKAFKQKQKEEQKKLEVLKAKVVGKGPLATGGIKKSGKK,0.159,benign
A0A024R1R8,G6D,MSSHEDGKKKALKQPKKQAKEMDEEEKAFKQKQKEEQKKLEVLKAKVVGKGPLATGGIKKSGKK,0.1299,benign
A0A024R1R8,G6E,MSSHEEGKKKALKQPKKQAKEMDEEEKAFKQKQKEEQKKLEVLKAKVVGKGPLATGGIKKSGKK,0.1607,benign
A0A024R1R8,G6F,MSSHEFGKKKALKQPKKQAKEMDEEEKAFKQKQKEEQKKLEVLKAKVVGKGPLATGGIKKSGKK,0.404,ambiguous
A0A024R1R8,G6H,MSSHEHGKKKALKQPKKQAKEMDEEEKAFKQKQKEEQKKLEVLKAKVVGKGPLATGGIKKSGKK,0.3084,benign
A0A024R1R8,G6I,MSSHEIGKKKALKQPKKQAKEMDEEEKAFKQKQKEEQKKLEVLKAKVVGKGPLATGGIKKSGKK,0.2164,benign
A0A024R1R8,G6K,MSSHEKGKKKALKQPKKQAKEMDEEEKAFKQKQKEEQKKLEVLKAKVVGKGPLATGGIKKSGKK,0.2888,benign
A0A024R1R8,G6L,MSSHELGKKKALKQPKKQAKEMDEEEKAFKQKQKEEQKKLEVLKAKVVGKGPLATGGIKKSGKK,0.3862,ambiguous
A0A024R1R8,G6M,MSSHEMGKKKALKQPKKQAKEMDEEEKAFKQKQKEEQKKLEVLKAKVVGKGPLATGGIKKSGKK,0.3994,ambiguous
A0A024R1R8,G6N,MSSHENGKKKALKQPKKQAKEMDEEEKAFKQKQKEEQKKLEVLKAKVVGKGPLATGGIKKSGKK,0.2627,benign
A0A024R1R8,G6P,MSSHEPGKKKALKQPKKQAKEMDEEEKAFKQKQKEEQKKLEVLKAKVVGKGPLATGGIKKSGKK,0.5218,ambiguous
A0A024R1R8,G6Q,MSSHEQGKKKALKQPKKQAKEMDEEEKAFKQKQKEEQKKLEVLKAKVVGKGPLATGGIKKSGKK,0.2966,benign
A0A024R1R8,G6R,MSSHERGKKKALKQPKKQAKEMDEEEKAFKQKQKEEQKKLEVLKAKVVGKGPLATGGIKKSGKK,0.1976,benign
A0A024R1R8,G6S,MSSHESGKKKALKQPKKQAKEMDEEEKAFKQKQKEEQKKLEVLKAKVVGKGPLATGGIKKSGKK,0.1193,benign
A0A024R1R8,G6T,MSSHETGKKKALKQPKKQAKEMDEEEKAFKQKQKEEQKKLEVLKAKVVGKGPLATGGIKKSGKK,0.1662,benign
A0A024R1R8,G6V,MSSHEVGKKKALKQPKKQAKEMDEEEKAFKQKQKEEQKKLEVLKAKVVGKGPLATGGIKKSGKK,0.1463,benign
A0A024R1R8,G6W,MSSHEWGKKKALKQPKKQAKEMDEEEKAFKQKQKEEQKKLEVLKAKVVGKGPLATGGIKKSGKK,0.2374,benign
A0A024R1R8,G6Y,MSSHEYGKKKALKQPKKQAKEMDEEEKAFKQKQKEEQKKLEVLKAKVVGKGPLATGGIKKSGKK,0.2489,benign
A0A024R1R8,G7A,MSSHEGAKKKALKQPKKQAKEMDEEEKAFKQKQKEEQKKLEVLKAKVVGKGPLATGGIKKSGKK,0.1586,benign
A0A024R1R8,G7C,MSSHEGCKKKALKQPKKQAKEMDEEEKAFKQKQKEEQKKLEVLKAKVVGKGPLATGGIKKSGKK,0.1616,benign
A0A024R1R8,G7D,MSSHEGDKKKALKQPKKQAKEMDEEEKAFKQKQKEEQKKLEVLKAKVVGKGPLATGGIKKSGKK,0.1637,benign
A0A024R1R8,G7E,MSSHEGEKKKALKQPKKQAKEMDEEEKAFKQKQKEEQKKLEVLKAKVVGKGPLATGGIKKSGKK,0.1835,benign
A0A024R1R8,G7F,MSSHEGFKKKALKQPKKQAKEMDEEEKAFKQKQKEEQKKLEVLKAKVVGKGPLATGGIKKSGKK,0.4067,ambiguous
A0A024R1R8,G7H,MSSHEGHKKKALKQPKKQAKEMDEEEKAFKQKQKEEQKKLEVLKAKVVGKGPLATGGIKKSGKK,0.2976,benign
A0A024R1R8,G7I,MSSHEGIKKKALKQPKKQAKEMDEEEKAFKQKQKEEQKKLEVLKAKVVGKGPLATGGIKKSGKK,0.2405,benign
A0A024R1R8,G7K,MSSHEGKKKKALKQPKKQAKEMDEEEKAFKQKQKEEQKKLEVLKAKVVGKGPLATGGIKKSGKK,0.268,benign
A0A024R1R8,G7L,MSSHEGLKKKALKQPKKQAKEMDEEEKAFKQKQKEEQKKLEVLKAKVVGKGPLATGGIKKSGKK,0.3769,ambiguous
A0A024R1R8,G7M,MSSHEGMKKKALKQPKKQAKEMDEEEKAFKQKQKEEQKKLEVLKAKVVGKGPLATGGIKKSGKK,0.4283,ambiguous
A0A024R1R8,G7N,MSSHEGNKKKALKQPKKQAKEMDEEEKAFKQKQKEEQKKLEVLKAKVVGKGPLATGGIKKSGKK,0.2895,benign
A0A024R1R8,G7P,MSSHEGPKKKALKQPKKQAKEMDEEEKAFKQKQKEEQKKLEVLKAKVVGKGPLATGGIKKSGKK,0.5384,ambiguous
A0A024R1R8,G7Q,MSSHEGQKKKALKQPKKQAKEMDEEEKAFKQKQKEEQKKLEVLKAKVVGKGPLATGGIKKSGKK,0.2556,benign
A0A024R1R8,G7R,MSSHEGRKKKALKQPKKQAKEMDEEEKAFKQKQKEEQKKLEVLKAKVVGKGPLATGGIKKSGKK,0.1695,benign
A0A024R1R8,G7S,MSSHEGSKKKALKQPKKQAKEMDEEEKAFKQKQKEEQKKLEVLKAKVVGKGPLATGGIKKSGKK,0.1148,benign
A0A024R1R8,G7T,MSSHEGTKKKALKQPKKQAKEMDEEEKAFKQKQKEEQKKLEVLKAKVVGKGPLATGGIKKSGKK,0.1973,benign
A0A024R1R8,G7V,MSSHEGVKKKALKQPKKQAKEMDEEEKAFKQKQKEEQKKLEVLKAKVVGKGPLATGGIKKSGKK,0.1824,benign
A0A024R1R8,G7W,MSSHEGWKKKALKQPKKQAKEMDEEEKAFKQKQKEEQKKLEVLKAKVVGKGPLATGGIKKSGKK,0.2246,benign
A0A024R1R8,G7Y,MSSHEGYKKKALKQPKKQAKEMDEEEKAFKQKQKEEQKKLEVLKAKVVGKGPLATGGIKKSGKK,0.2767,benign
A0A024R1R8,K8A,MSSHEGGAKKALKQPKKQAKEMDEEEKAFKQKQKEEQKKLEVLKAKVVGKGPLATGGIKKSGKK,0.327,benign
A0A024R1R8,K8C,MSSHEGGCKKALKQPKKQAKEMDEEEKAFKQKQKEEQKKLEVLKAKVVGKGPLATGGIKKSGKK,0.5828,pathogenic
A0A024R1R8,K8D,MSSHEGGDKKALKQPKKQAKEMDEEEKAFKQKQKEEQKKLEVLKAKVVGKGPLATGGIKKSGKK,0.4415,ambiguous
A0A024R1R8,K8E,MSSHEGGEKKALKQPKKQAKEMDEEEKAFKQKQKEEQKKLEVLKAKVVGKGPLATGGIKKSGKK,0.1346,benign
A0A024R1R8,K8F,MSSHEGGFKKALKQPKKQAKEMDEEEKAFKQKQKEEQKKLEVLKAKVVGKGPLATGGIKKSGKK,0.6518,pathogenic
A0A024R1R8,K8G,MSSHEGGGKKALKQPKKQAKEMDEEEKAFKQKQKEEQKKLEVLKAKVVGKGPLATGGIKKSGKK,0.2747,benign
A0A024R1R8,K8H,MSSHEGGHKKALKQPKKQAKEMDEEEKAFKQKQKEEQKKLEVLKAKVVGKGPLATGGIKKSGKK,0.3706,ambiguous
A0A024R1R8,K8I,MSSHEGGIKKALKQPKKQAKEMDEEEKAFKQKQKEEQKKLEVLKAKVVGKGPLATGGIKKSGKK,0.3217,benign
A0A024R1R8,K8L,MSSHEGGLKKALKQPKKQAKEMDEEEKAFKQKQKEEQKKLEVLKAKVVGKGPLATGGIKKSGKK,0.3453,ambiguous
A0A024R1R8,K8M,MSSHEGGMKKALKQPKKQAKEMDEEEKAFKQKQKEEQKKLEVLKAKVVGKGPLATGGIKKSGKK,0.2284,benign
A0A024R1R8,K8N,MSSHEGGNKKALKQPKKQAKEMDEEEKAFKQKQKEEQKKLEVLKAKVVGKGPLATGGIKKSGKK,0.3342,benign
A0A024R1R8,K8P,MSSHEGGPKKALKQPKKQAKEMDEEEKAFKQKQKEEQKKLEVLKAKVVGKGPLATGGIKKSGKK,0.4603,ambiguous
A0A024R1R8,K8Q,MSSHEGGQKKALKQPKKQAKEMDEEEKAFKQKQKEEQKKLEVLKAKVVGKGPLATGGIKKSGKK,0.1455,benign
A0A024R1R8,K8R,MSSHEGGRKKALKQPKKQAKEMDEEEKAFKQKQKEEQKKLEVLKAKVVGKGPLATGGIKKSGKK,0.0936,benign
A0A024R1R8,K8S,MSSHEGGSKKALKQPKKQAKEMDEEEKAFKQKQKEEQKKLEVLKAKVVGKGPLATGGIKKSGKK,0.3515,ambiguous
A0A024R1R8,K8T,MSSHEGGTKKALKQPKKQAKEMDEEEKAFKQKQKEEQKKLEVLKAKVVGKGPLATGGIKKSGKK,0.2197,benign
A0A024R1R8,K8V,MSSHEGGVKKALKQPKKQAKEMDEEEKAFKQKQKEEQKKLEVLKAKVVGKGPLATGGIKKSGKK,0.3287,benign
A0A024R1R8,K8W,MSSHEGGWKKALKQPKKQAKEMDEEEKAFKQKQKEEQKKLEVLKAKVVGKGPLATGGIKKSGKK,0.5983,pathogenic
A0A024R1R8,K8Y,MSSHEGGYKKALKQPKKQAKEMDEEEKAFKQKQKEEQKKLEVLKAKVVGKGPLATGGIKKSGKK,0.5129,ambiguous
A0A024R1R8,K9A,MSSHEGGKAKALKQPKKQAKEMDEEEKAFKQKQKEEQKKLEVLKAKVVGKGPLATGGIKKSGKK,0.2124,benign
A0A024R1R8,K9C,MSSHEGGKCKALKQPKKQAKEMDEEEKAFKQKQKEEQKKLEVLKAKVVGKGPLATGGIKKSGKK,0.5261,ambiguous
A0A024R1R8,K9D,MSSHEGGKDKALKQPKKQAKEMDEEEKAFKQKQKEEQKKLEVLKAKVVGKGPLATGGIKKSGKK,0.3929,ambiguous
A0A024R1R8,K9E,MSSHEGGKEKALKQPKKQAKEMDEEEKAFKQKQKEEQKKLEVLKAKVVGKGPLATGGIKKSGKK,0.1096,benign
A0A024R1R8,K9F,MSSHEGGKFKALKQPKKQAKEMDEEEKAFKQKQKEEQKKLEVLKAKVVGKGPLATGGIKKSGKK,0.5749,pathogenic
A0A024R1R8,K9G,MSSHEGGKGKALKQPKKQAKEMDEEEKAFKQKQKEEQKKLEVLKAKVVGKGPLATGGIKKSGKK,0.2017,benign
A0A024R1R8,K9H,MSSHEGGKHKALKQPKKQAKEMDEEEKAFKQKQKEEQKKLEVLKAKVVGKGPLATGGIKKSGKK,0.3565,ambiguous
A0A024R1R8,K9I,MSSHEGGKIKALKQPKKQAKEMDEEEKAFKQKQKEEQKKLEVLKAKVVGKGPLATGGIKKSGKK,0.2282,benign
A0A024R1R8,K9L,MSSHEGGKLKALKQPKKQAKEMDEEEKAFKQKQKEEQKKLEVLKAKVVGKGPLATGGIKKSGKK,0.2286,benign
A0A024R1R8,K9M,MSSHEGGKMKALKQPKKQAKEMDEEEKAFKQKQKEEQKKLEVLKAKVVGKGPLATGGIKKSGKK,0.154,benign
A0A024R1R8,K9N,MSSHEGGKNKALKQPKKQAKEMDEEEKAFKQKQKEEQKKLEVLKAKVVGKGPLATGGIKKSGKK,0.2752,benign
A0A024R1R8,K9P,MSSHEGGKPKALKQPKKQAKEMDEEEKAFKQKQKEEQKKLEVLKAKVVGKGPLATGGIKKSGKK,0.338,benign
A0A024R1R8,K9Q,MSSHEGGKQKALKQPKKQAKEMDEEEKAFKQKQKEEQKKLEVLKAKVVGKGPLATGGIKKSGKK,0.1147,benign
A0A024R1R8,K9R,MSSHEGGKRKALKQPKKQAKEMDEEEKAFKQKQKEEQKKLEVLKAKVVGKGPLATGGIKKSGKK,0.0912,benign
A0A024R1R8,K9S,MSSHEGGKSKALKQPKKQAKEMDEEEKAFKQKQKEEQKKLEVLKAKVVGKGPLATGGIKKSGKK,0.2923,benign
A0A024R1R8,K9T,MSSHEGGKTKALKQPKKQAKEMDEEEKAFKQKQKEEQKKLEVLKAKVVGKGPLATGGIKKSGKK,0.1517,benign
A0A024R1R8,K9V,MSSHEGGKVKALKQPKKQAKEMDEEEKAFKQKQKEEQKKLEVLKAKVVGKGPLATGGIKKSGKK,0.2157,benign
A0A024R1R8,K9W,MSSHEGGKWKALKQPKKQAKEMDEEEKAFKQKQKEEQKKLEVLKAKVVGKGPLATGGIKKSGKK,0.5573,ambiguous
A0A024R1R8,K9Y,MSSHEGGKYKALKQPKKQAKEMDEEEKAFKQKQKEEQKKLEVLKAKVVGKGPLATGGIKKSGKK,0.4373,ambiguous
A0A024R1R8,K10A,MSSHEGGKKAALKQPKKQAKEMDEEEKAFKQKQKEEQKKLEVLKAKVVGKGPLATGGIKKSGKK,0.1829,benign
A0A024R1R8,K10C,MSSHEGGKKCALKQPKKQAKEMDEEEKAFKQKQKEEQKKLEVLKAKVVGKGPLATGGIKKSGKK,0.5799,pathogenic
A0A024R1R8,K10D,MSSHEGGKKDALKQPKKQAKEMDEEEKAFKQKQKEEQKKLEVLKAKVVGKGPLATGGIKKSGKK,0.3386,benign
A0A024R1R8,K10E,MSSHEGGKKEALKQPKKQAKEMDEEEKAFKQKQKEEQKKLEVLKAKVVGKGPLATGGIKKSGKK,0.1094,benign
A0A024R1R8,K10F,MSSHEGGKKFALKQPKKQAKEMDEEEKAFKQKQKEEQKKLEVLKAKVVGKGPLATGGIKKSGKK,0.4944,ambiguous
A0A024R1R8,K10G,MSSHEGGKKGALKQPKKQAKEMDEEEKAFKQKQKEEQKKLEVLKAKVVGKGPLATGGIKKSGKK,0.2523,benign
A0A024R1R8,K10H,MSSHEGGKKHALKQPKKQAKEMDEEEKAFKQKQKEEQKKLEVLKAKVVGKGPLATGGIKKSGKK,0.3001,benign
A0A024R1R8,K10I,MSSHEGGKKIALKQPKKQAKEMDEEEKAFKQKQKEEQKKLEVLKAKVVGKGPLATGGIKKSGKK,0.1885,benign
A0A024R1R8,K10L,MSSHEGGKKLALKQPKKQAKEMDEEEKAFKQKQKEEQKKLEVLKAKVVGKGPLATGGIKKSGKK,0.2338,benign
A0A024R1R8,K10M,MSSHEGGKKMALKQPKKQAKEMDEEEKAFKQKQKEEQKKLEVLKAKVVGKGPLATGGIKKSGKK,0.1352,benign
A0A024R1R8,K10N,MSSHEGGKKNALKQPKKQAKEMDEEEKAFKQKQKEEQKKLEVLKAKVVGKGPLATGGIKKSGKK,0.2463,benign
A0A024R1R8,K10P,MSSHEGGKKPALKQPKKQAKEMDEEEKAFKQKQKEEQKKLEVLKAKVVGKGPLATGGIKKSGKK,0.2714,benign
A0A024R1R8,K10Q,MSSHEGGKKQALKQPKKQAKEMDEEEKAFKQKQKEEQKKLEVLKAKVVGKGPLATGGIKKSGKK,0.1382,benign
A0A024R1R8,K10R,MSSHEGGKKRALKQPKKQAKEMDEEEKAFKQKQKEEQKKLEVLKAKVVGKGPLATGGIKKSGKK,0.1067,benign
A0A024R1R8,K10S,MSSHEGGKKSALKQPKKQAKEMDEEEKAFKQKQKEEQKKLEVLKAKVVGKGPLATGGIKKSGKK,0.2826,benign
A0A024R1R8,K10T,MSSHEGGKKTALKQPKKQAKEMDEEEKAFKQKQKEEQKKLEVLKAKVVGKGPLATGGIKKSGKK,0.1257,benign
A0A024R1R8,K10V,MSSHEGGKKVALKQPKKQAKEMDEEEKAFKQKQKEEQKKLEVLKAKVVGKGPLATGGIKKSGKK,0.1883,benign
A0A024R1R8,K10W,MSSHEGGKKWALKQPKKQAKEMDEEEKAFKQKQKEEQKKLEVLKAKVVGKGPLATGGIKKSGKK,0.5878,pathogenic
A0A024R1R8,K10Y,MSSHEGGKKYALKQPKKQAKEMDEEEKAFKQKQKEEQKKLEVLKAKVVGKGPLATGGIKKSGKK,0.3707,ambiguous
A0A024R1R8,A11C,MSSHEGGKKKCLKQPKKQAKEMDEEEKAFKQKQKEEQKKLEVLKAKVVGKGPLATGGIKKSGKK,0.2386,benign
A0A024R1R8,A11D,MSSHEGGKKKDLKQPKKQAKEMDEEEKAFKQKQKEEQKKLEVLKAKVVGKGPLATGGIKKSGKK,0.1535,benign
A0A024R1R8,A11E,MSSHEGGKKKELKQPKKQAKEMDEEEKAFKQKQKEEQKKLEVLKAKVVGKGPLATGGIKKSGKK,0.1472,benign
A0A024R1R8,A11F,MSSHEGGKKKFLKQPKKQAKEMDEEEKAFKQKQKEEQKKLEVLKAKVVGKGPLATGGIKKSGKK,0.2179,benign
A0A024R1R8,A11G,MSSHEGGKKKGLKQPKKQAKEMDEEEKAFKQKQKEEQKKLEVLKAKVVGKGPLATGGIKKSGKK,0.1179,benign
A0A024R1R8,A11H,MSSHEGGKKKHLKQPKKQAKEMDEEEKAFKQKQKEEQKKLEVLKAKVVGKGPLATGGIKKSGKK,0.1679,benign
A0A024R1R8,A11I,MSSHEGGKKKILKQPKKQAKEMDEEEKAFKQKQKEEQKKLEVLKAKVVGKGPLATGGIKKSGKK,0.1452,benign
A0A024R1R8,A11K,MSSHEGGKKKKLKQPKKQAKEMDEEEKAFKQKQKEEQKKLEVLKAKVVGKGPLATGGIKKSGKK,0.187,benign
A0A024R1R8,A11L,MSSHEGGKKKLLKQPKKQAKEMDEEEKAFKQKQKEEQKKLEVLKAKVVGKGPLATGGIKKSGKK,0.1221,benign
A0A024R1R8,A11M,MSSHEGGKKKMLKQPKKQAKEMDEEEKAFKQKQKEEQKKLEVLKAKVVGKGPLATGGIKKSGKK,0.2113,benign
A0A024R1R8,A11N,MSSHEGGKKKNLKQPKKQAKEMDEEEKAFKQKQKEEQKKLEVLKAKVVGKGPLATGGIKKSGKK,0.1677,benign
A0A024R1R8,A11P,MSSHEGGKKKPLKQPKKQAKEMDEEEKAFKQKQKEEQKKLEVLKAKVVGKGPLATGGIKKSGKK,0.0386,benign
A0A024R1R8,A11Q,MSSHEGGKKKQLKQPKKQAKEMDEEEKAFKQKQKEEQKKLEVLKAKVVGKGPLATGGIKKSGKK,0.1659,benign
A0A024R1R8,A11R,MSSHEGGKKKRLKQPKKQAKEMDEEEKAFKQKQKEEQKKLEVLKAKVVGKGPLATGGIKKSGKK,0.1475,benign
A0A024R1R8,A11S,MSSHEGGKKKSLKQPKKQAKEMDEEEKAFKQKQKEEQKKLEVLKAKVVGKGPLATGGIKKSGKK,0.0948,benign
A0A024R1R8,A11T,MSSHEGGKKKTLKQPKKQAKEMDEEEKAFKQKQKEEQKKLEVLKAKVVGKGPLATGGIKKSGKK,0.0922,benign
A0A024R1R8,A11V,MSSHEGGKKKVLKQPKKQAKEMDEEEKAFKQKQKEEQKKLEVLKAKVVGKGPLATGGIKKSGKK,0.0994,benign
A0A024R1R8,A11W,MSSHEGGKKKWLKQPKKQAKEMDEEEKAFKQKQKEEQKKLEVLKAKVVGKGPLATGGIKKSGKK,0.3703,ambiguous
A0A024R1R8,A11Y,MSSHEGGKKKYLKQPKKQAKEMDEEEKAFKQKQKEEQKKLEVLKAKVVGKGPLATGGIKKSGKK,0.2077,benign
A0A024R1R8,L12A,MSSHEGGKKKAAKQPKKQAKEMDEEEKAFKQKQKEEQKKLEVLKAKVVGKGPLATGGIKKSGKK,0.1328,benign
A0A024R1R8,L12C,MSSHEGGKKKACKQPKKQAKEMDEEEKAFKQKQKEEQKKLEVLKAKVVGKGPLATGGIKKSGKK,0.261,benign
A0A024R1R8,L12D,MSSHEGGKKKADKQPKKQAKEMDEEEKAFKQKQKEEQKKLEVLKAKVVGKGPLATGGIKKSGKK,0.422,ambiguous
A0A024R1R8,L12E,MSSHEGGKKKAEKQPKKQAKEMDEEEKAFKQKQKEEQKKLEVLKAKVVGKGPLATGGIKKSGKK,0.207,benign
A0A024R1R8,L12F,MSSHEGGKKKAFKQPKKQAKEMDEEEKAFKQKQKEEQKKLEVLKAKVVGKGPLATGGIKKSGKK,0.1341,benign
A0A024R1R8,L12G,MSSHEGGKKKAGKQPKKQAKEMDEEEKAFKQKQKEEQKKLEVLKAKVVGKGPLATGGIKKSGKK,0.2332,benign
A0A024R1R8,L12H,MSSHEGGKKKAHKQPKKQAKEMDEEEKAFKQKQKEEQKKLEVLKAKVVGKGPLATGGIKKSGKK,0.1757,benign
A0A024R1R8,L12I,MSSHEGGKKKAIKQPKKQAKEMDEEEKAFKQKQKEEQKKLEVLKAKVVGKGPLATGGIKKSGKK,0.0931,benign
A0A024R1R8,L12K,MSSHEGGKKKAKKQPKKQAKEMDEEEKAFKQKQKEEQKKLEVLKAKVVGKGPLATGGIKKSGKK,0.1283,benign
A0A024R1R8,L12M,MSSHEGGKKKAMKQPKKQAKEMDEEEKAFKQKQKEEQKKLEVLKAKVVGKGPLATGGIKKSGKK,0.1053,benign
A0A024R1R8,L12N,MSSHEGGKKKANKQPKKQAKEMDEEEKAFKQKQKEEQKKLEVLKAKVVGKGPLATGGIKKSGKK,0.2513,benign
A0A024R1R8,L12P,MSSHEGGKKKAPKQPKKQAKEMDEEEKAFKQKQKEEQKKLEVLKAKVVGKGPLATGGIKKSGKK,0.112,benign
A0A024R1R8,L12Q,MSSHEGGKKKAQKQPKKQAKEMDEEEKAFKQKQKEEQKKLEVLKAKVVGKGPLATGGIKKSGKK,0.1037,benign
A0A024R1R8,L12R,MSSHEGGKKKARKQPKKQAKEMDEEEKAFKQKQKEEQKKLEVLKAKVVGKGPLATGGIKKSGKK,0.1107,benign
A0A024R1R8,L12S,MSSHEGGKKKASKQPKKQAKEMDEEEKAFKQKQKEEQKKLEVLKAKVVGKGPLATGGIKKSGKK,0.1515,benign
A0A024R1R8,L12T,MSSHEGGKKKATKQPKKQAKEMDEEEKAFKQKQKEEQKKLEVLKAKVVGKGPLATGGIKKSGKK,0.1384,benign
A0A024R1R8,L12V,MSSHEGGKKKAVKQPKKQAKEMDEEEKAFKQKQKEEQKKLEVLKAKVVGKGPLATGGIKKSGKK,0.0815,benign
A0A024R1R8,L12W,MSSHEGGKKKAWKQPKKQAKEMDEEEKAFKQKQKEEQKKLEVLKAKVVGKGPLATGGIKKSGKK,0.1318,benign
A0A024R1R8,L12Y,MSSHEGGKKKAYKQPKKQAKEMDEEEKAFKQKQKEEQKKLEVLKAKVVGKGPLATGGIKKSGKK,0.2778,benign
A0A024R1R8,K13A,MSSHEGGKKKALAQPKKQAKEMDEEEKAFKQKQKEEQKKLEVLKAKVVGKGPLATGGIKKSGKK,0.3801,ambiguous
A0A024R1R8,K13C,MSSHEGGKKKALCQPKKQAKEMDEEEKAFKQKQKEEQKKLEVLKAKVVGKGPLATGGIKKSGKK,0.5745,pathogenic
A0A024R1R8,K13D,MSSHEGGKKKALDQPKKQAKEMDEEEKAFKQKQKEEQKKLEVLKAKVVGKGPLATGGIKKSGKK,0.5642,pathogenic
A0A024R1R8,K13E,MSSHEGGKKKALEQPKKQAKEMDEEEKAFKQKQKEEQKKLEVLKAKVVGKGPLATGGIKKSGKK,0.2053,benign
A0A024R1R8,K13F,MSSHEGGKKKALFQPKKQAKEMDEEEKAFKQKQKEEQKKLEVLKAKVVGKGPLATGGIKKSGKK,0.6478,pathogenic
A0A024R1R8,K13G,MSSHEGGKKKALGQPKKQAKEMDEEEKAFKQKQKEEQKKLEVLKAKVVGKGPLATGGIKKSGKK,0.382,ambiguous
A0A024R1R8,K13H,MSSHEGGKKKALHQPKKQAKEMDEEEKAFKQKQKEEQKKLEVLKAKVVGKGPLATGGIKKSGKK,0.3291,benign
A0A024R1R8,K13I,MSSHEGGKKKALIQPKKQAKEMDEEEKAFKQKQKEEQKKLEVLKAKVVGKGPLATGGIKKSGKK,0.3106,benign
A0A024R1R8,K13L,MSSHEGGKKKALLQPKKQAKEMDEEEKAFKQKQKEEQKKLEVLKAKVVGKGPLATGGIKKSGKK,0.3138,benign
A0A024R1R8,K13M,MSSHEGGKKKALMQPKKQAKEMDEEEKAFKQKQKEEQKKLEVLKAKVVGKGPLATGGIKKSGKK,0.2657,benign
A0A024R1R8,K13N,MSSHEGGKKKALNQPKKQAKEMDEEEKAFKQKQKEEQKKLEVLKAKVVGKGPLATGGIKKSGKK,0.4336,ambiguous
A0A024R1R8,K13P,MSSHEGGKKKALPQPKKQAKEMDEEEKAFKQKQKEEQKKLEVLKAKVVGKGPLATGGIKKSGKK,0.4149,ambiguous
A0A024R1R8,K13Q,MSSHEGGKKKALQQPKKQAKEMDEEEKAFKQKQKEEQKKLEVLKAKVVGKGPLATGGIKKSGKK,0.1525,benign
A0A024R1R8,K13R,MSSHEGGKKKALRQPKKQAKEMDEEEKAFKQKQKEEQKKLEVLKAKVVGKGPLATGGIKKSGKK,0.1006,benign
A0A024R1R8,K13S,MSSHEGGKKKALSQPKKQAKEMDEEEKAFKQKQKEEQKKLEVLKAKVVGKGPLATGGIKKSGKK,0.4265,ambiguous
A0A024R1R8,K13T,MSSHEGGKKKALTQPKKQAKEMDEEEKAFKQKQKEEQKKLEVLKAKVVGKGPLATGGIKKSGKK,0.2475,benign
A0A024R1R8,K13V,MSSHEGGKKKALVQPKKQAKEMDEEEKAFKQKQKEEQKKLEVLKAKVVGKGPLATGGIKKSGKK,0.3566,ambiguous
A0A024R1R8,K13W,MSSHEGGKKKALWQPKKQAKEMDEEEKAFKQKQKEEQKKLEVLKAKVVGKGPLATGGIKKSGKK,0.605,pathogenic
A0A024R1R8,K13Y,MSSHEGGKKKALYQPKKQAKEMDEEEKAFKQKQKEEQKKLEVLKAKVVGKGPLATGGIKKSGKK,0.5068,ambiguous
A0A024R1R8,Q14A,MSSHEGGKKKALKAPKKQAKEMDEEEKAFKQKQKEEQKKLEVLKAKVVGKGPLATGGIKKSGKK,0.1285,benign
A0A024R1R8,Q14C,MSSHEGGKKKALKCPKKQAKEMDEEEKAFKQKQKEEQKKLEVLKAKVVGKGPLATGGIKKSGKK,0.4796,ambiguous
A0A024R1R8,Q14D,MSSHEGGKKKALKDPKKQAKEMDEEEKAFKQKQKEEQKKLEVLKAKVVGKGPLATGGIKKSGKK,0.3219,benign
A0A024R1R8,Q14E,MSSHEGGKKKALKEPKKQAKEMDEEEKAFKQKQKEEQKKLEVLKAKVVGKGPLATGGIKKSGKK,0.0842,benign
A0A024R1R8,Q14F,MSSHEGGKKKALKFPKKQAKEMDEEEKAFKQKQKEEQKKLEVLKAKVVGKGPLATGGIKKSGKK,0.4627,ambiguous
A0A024R1R8,Q14G,MSSHEGGKKKALKGPKKQAKEMDEEEKAFKQKQKEEQKKLEVLKAKVVGKGPLATGGIKKSGKK,0.1723,benign
A0A024R1R8,Q14H,MSSHEGGKKKALKHPKKQAKEMDEEEKAFKQKQKEEQKKLEVLKAKVVGKGPLATGGIKKSGKK,0.2032,benign
A0A024R1R8,Q14I,MSSHEGGKKKALKIPKKQAKEMDEEEKAFKQKQKEEQKKLEVLKAKVVGKGPLATGGIKKSGKK,0.2005,benign
A0A024R1R8,Q14K,MSSHEGGKKKALKKPKKQAKEMDEEEKAFKQKQKEEQKKLEVLKAKVVGKGPLATGGIKKSGKK,0.0883,benign
A0A024R1R8,Q14L,MSSHEGGKKKALKLPKKQAKEMDEEEKAFKQKQKEEQKKLEVLKAKVVGKGPLATGGIKKSGKK,0.1013,benign
A0A024R1R8,Q14M,MSSHEGGKKKALKMPKKQAKEMDEEEKAFKQKQKEEQKKLEVLKAKVVGKGPLATGGIKKSGKK,0.2441,benign
A0A024R1R8,Q14N,MSSHEGGKKKALKNPKKQAKEMDEEEKAFKQKQKEEQKKLEVLKAKVVGKGPLATGGIKKSGKK,0.2278,benign
A0A024R1R8,Q14P,MSSHEGGKKKALKPPKKQAKEMDEEEKAFKQKQKEEQKKLEVLKAKVVGKGPLATGGIKKSGKK,0.0963,benign
A0A024R1R8,Q14R,MSSHEGGKKKALKRPKKQAKEMDEEEKAFKQKQKEEQKKLEVLKAKVVGKGPLATGGIKKSGKK,0.1124,benign
A0A024R1R8,Q14S,MSSHEGGKKKALKSPKKQAKEMDEEEKAFKQKQKEEQKKLEVLKAKVVGKGPLATGGIKKSGKK,0.1636,benign
A0A024R1R8,Q14T,MSSHEGGKKKALKTPKKQAKEMDEEEKAFKQKQKEEQKKLEVLKAKVVGKGPLATGGIKKSGKK,0.147,benign
A0A024R1R8,Q14V,MSSHEGGKKKALKVPKKQAKEMDEEEKAFKQKQKEEQKKLEVLKAKVVGKGPLATGGIKKSGKK,0.1379,benign
A0A024R1R8,Q14W,MSSHEGGKKKALKWPKKQAKEMDEEEKAFKQKQKEEQKKLEVLKAKVVGKGPLATGGIKKSGKK,0.299,benign
A0A024R1R8,Q14Y,MSSHEGGKKKALKYPKKQAKEMDEEEKAFKQKQKEEQKKLEVLKAKVVGKGPLATGGIKKSGKK,0.3051,benign
A0A024R1R8,P15A,MSSHEGGKKKALKQAKKQAKEMDEEEKAFKQKQKEEQKKLEVLKAKVVGKGPLATGGIKKSGKK,0.0796,benign
A0A024R1R8,P15C,MSSHEGGKKKALKQCKKQAKEMDEEEKAFKQKQKEEQKKLEVLKAKVVGKGPLATGGIKKSGKK,0.3319,benign
A0A024R1R8,P15D,MSSHEGGKKKALKQDKKQAKEMDEEEKAFKQKQKEEQKKLEVLKAKVVGKGPLATGGIKKSGKK,0.3371,benign
A0A024R1R8,P15E,MSSHEGGKKKALKQEKKQAKEMDEEEKAFKQKQKEEQKKLEVLKAKVVGKGPLATGGIKKSGKK,0.2025,benign
A0A024R1R8,P15F,MSSHEGGKKKALKQFKKQAKEMDEEEKAFKQKQKEEQKKLEVLKAKVVGKGPLATGGIKKSGKK,0.4202,ambiguous
A0A024R1R8,P15G,MSSHEGGKKKALKQGKKQAKEMDEEEKAFKQKQKEEQKKLEVLKAKVVGKGPLATGGIKKSGKK,0.204,benign
A0A024R1R8,P15H,MSSHEGGKKKALKQHKKQAKEMDEEEKAFKQKQKEEQKKLEVLKAKVVGKGPLATGGIKKSGKK,0.1645,benign
A0A024R1R8,P15I,MSSHEGGKKKALKQIKKQAKEMDEEEKAFKQKQKEEQKKLEVLKAKVVGKGPLATGGIKKSGKK,0.2647,benign
A0A024R1R8,P15K,MSSHEGGKKKALKQKKKQAKEMDEEEKAFKQKQKEEQKKLEVLKAKVVGKGPLATGGIKKSGKK,0.1569,benign
A0A024R1R8,P15L,MSSHEGGKKKALKQLKKQAKEMDEEEKAFKQKQKEEQKKLEVLKAKVVGKGPLATGGIKKSGKK,0.1468,benign
A0A024R1R8,P15M,MSSHEGGKKKALKQMKKQAKEMDEEEKAFKQKQKEEQKKLEVLKAKVVGKGPLATGGIKKSGKK,0.2969,benign
A0A024R1R8,P15N,MSSHEGGKKKALKQNKKQAKEMDEEEKAFKQKQKEEQKKLEVLKAKVVGKGPLATGGIKKSGKK,0.278,benign
A0A024R1R8,P15Q,MSSHEGGKKKALKQQKKQAKEMDEEEKAFKQKQKEEQKKLEVLKAKVVGKGPLATGGIKKSGKK,0.1323,benign
A0A024R1R8,P15R,MSSHEGGKKKALKQRKKQAKEMDEEEKAFKQKQKEEQKKLEVLKAKVVGKGPLATGGIKKSGKK,0.1243,benign
A0A024R1R8,P15S,MSSHEGGKKKALKQSKKQAKEMDEEEKAFKQKQKEEQKKLEVLKAKVVGKGPLATGGIKKSGKK,0.1271,benign
A0A024R1R8,P15T,MSSHEGGKKKALKQTKKQAKEMDEEEKAFKQKQKEEQKKLEVLKAKVVGKGPLATGGIKKSGKK,0.1112,benign
A0A024R1R8,P15V,MSSHEGGKKKALKQVKKQAKEMDEEEKAFKQKQKEEQKKLEVLKAKVVGKGPLATGGIKKSGKK,0.1891,benign
A0A024R1R8,P15W,MSSHEGGKKKALKQWKKQAKEMDEEEKAFKQKQKEEQKKLEVLKAKVVGKGPLATGGIKKSGKK,0.4147,ambiguous
A0A024R1R8,P15Y,MSSHEGGKKKALKQYKKQAKEMDEEEKAFKQKQKEEQKKLEVLKAKVVGKGPLATGGIKKSGKK,0.327,benign
A0A024R1R8,K16A,MSSHEGGKKKALKQPAKQAKEMDEEEKAFKQKQKEEQKKLEVLKAKVVGKGPLATGGIKKSGKK,0.28,benign
A0A024R1R8,K16C,MSSHEGGKKKALKQPCKQAKEMDEEEKAFKQKQKEEQKKLEVLKAKVVGKGPLATGGIKKSGKK,0.5884,pathogenic
A0A024R1R8,K16D,MSSHEGGKKKALKQPDKQAKEMDEEEKAFKQKQKEEQKKLEVLKAKVVGKGPLATGGIKKSGKK,0.471,ambiguous
A0A024R1R8,K16E,MSSHEGGKKKALKQPEKQAKEMDEEEKAFKQKQKEEQKKLEVLKAKVVGKGPLATGGIKKSGKK,0.1326,benign
A0A024R1R8,K16F,MSSHEGGKKKALKQPFKQAKEMDEEEKAFKQKQKEEQKKLEVLKAKVVGKGPLATGGIKKSGKK,0.668,pathogenic
A0A024R1R8,K16G,MSSHEGGKKKALKQPGKQAKEMDEEEKAFKQKQKEEQKKLEVLKAKVVGKGPLATGGIKKSGKK,0.2699,benign
A0A024R1R8,K16H,MSSHEGGKKKALKQPHKQAKEMDEEEKAFKQKQKEEQKKLEVLKAKVVGKGPLATGGIKKSGKK,0.3733,ambiguous
A0A024R1R8,K16I,MSSHEGGKKKALKQPIKQAKEMDEEEKAFKQKQKEEQKKLEVLKAKVVGKGPLATGGIKKSGKK,0.3157,benign
A0A024R1R8,K16L,MSSHEGGKKKALKQPLKQAKEMDEEEKAFKQKQKEEQKKLEVLKAKVVGKGPLATGGIKKSGKK,0.2963,benign
A0A024R1R8,K16M,MSSHEGGKKKALKQPMKQAKEMDEEEKAFKQKQKEEQKKLEVLKAKVVGKGPLATGGIKKSGKK,0.2332,benign
A0A024R1R8,K16N,MSSHEGGKKKALKQPNKQAKEMDEEEKAFKQKQKEEQKKLEVLKAKVVGKGPLATGGIKKSGKK,0.3702,ambiguous
A0A024R1R8,K16P,MSSHEGGKKKALKQPPKQAKEMDEEEKAFKQKQKEEQKKLEVLKAKVVGKGPLATGGIKKSGKK,0.3922,ambiguous
A0A024R1R8,K16Q,MSSHEGGKKKALKQPQKQAKEMDEEEKAFKQKQKEEQKKLEVLKAKVVGKGPLATGGIKKSGKK,0.133,benign
A0A024R1R8,K16R,MSSHEGGKKKALKQPRKQAKEMDEEEKAFKQKQKEEQKKLEVLKAKVVGKGPLATGGIKKSGKK,0.089,benign
