uniprot_id,sequence,range
A0A024R1R8,MSSHEGGKKKALKQPKKQAKEMDEEEKAFKQKQKEEQKKLEVLKAKVVGKGPLATGGIKKSGKK,0-1215
A0A024RBG1,MMKFKPNQTRTYDREGFKKRAACLCFRSEQEDEVLLVSSSRYPDQWIVPGGGMEPEEEPGGAAVREVYEEAGVKGKLGRLLGIFEQNQDRKHRTYVYVLTVTEILEDWEDSVNIGRKREWFKVEDAIKVLQCHKPVHAEYLEKLKLGCSPANGNSTVPSLPDNNALFVTAAQTSGLPSSVR,1216-4654
A0A075B6H7,MEAPAQLLFLLLLWLPDTTREIVMTQSPPTLSLSPGERVTLSCRASQSVSSSYLTWYQQKPGQAPRLLIYGASTRATSIPARFSGSGSGTDFTLTISSLQPEDFAVYYCQQDYNLP,4655-6858
A0A075B6H8,MDMRVPAQLLGLLLLWLPGVRFDIQMTQSPSFLSASVGDRVSIICWASEGISSNLAWYLQKPGKSPKLFLYDAKDLHPGVSSRFSGRGSGTDFTLTIISLKPEDFAAYYCKQDFSYP,6859-9100
A0A075B6H9,MAWTPLLFLTLLLHCTGSLSQLVLTQSPSASASLGASVKLTCTLSSGHSSYAIAWHQQQPEKGPRYLMKLNSDGSHSKGDGIPDRFSGSSSGAERYLTISSLQSEDEADYYCQTWGTGI,9101-11361
A0A075B6I0,MSVPTMAWMMLLLGLLAYGSGVDSQTVVTQEPSFSVSPGGTVTLTCGLSSGSVSTSYYPSWYQQTPGQAPRTLIYSTNTRSSGVPDRFSGSILGNKAALTITGAQADDESDYYCVLYMGSGI,11362-13679
A0A075B6I1,MAWTPLLLLFPLLLHCTGSLSQPVLTQSSSASASLGSSVKLTCTLSSGHSSYIIAWHQQQPGKAPRYLMKLEGSGSYNKGSGVPDRFSGSSSGADRYLTISNLQFEDEADYYCETWDSNT,13680-15959
A0A075B6I3,MALTPLLLLLLSHCTGSLSRPVLTQPPSLSASPGATARLPCTLSSDLSVGGKNMFWYQQKLGSSPRLFLYHYSDSDKQLGPGVPSRVSGSKETSSNTAFLLISGLQPEDEADYYCQVYESSAN,15960-18296
A0A075B6I4,MPWALLLLTLLTHSAVSVVQAGLTQPPSVSKGLRQTATLTCTGNSNIVGNQGAAWLQQHQGHPPKLLSYRNNNRPSGISERFSASRSGNTASLTITGLQPEDEADYYCSALDSSLSA,18297-20519
A0A075B6I6,MAWSSLLLTLLAHCTGSWAQSVLTQPPSVSGAPGQRVTISCTGSSSNIGAGYVVHWYQQLPGTAPKLLIYGNSNRPSGVPDQFSGSKSGTSASLAITGLQSEDEADYYCKAWDNSLNA,20520-22761
A0A075B6I7,MAWTPLLLLFLSHCTGSLSQAVLTQPTSLSASPGASARLTCTLRSGISVGSYRIYWYQQKPGSPPRYLLNYYSDSDKHQGSGVPSRFSGSKDASTNAGILFISGL,22762-24756
A0A075B6I9,MAWTPLFLFLLTCCPGSNSQAVVTQEPSLTVSPGGTVTLTCGSSTGAVTSGHYPYWFQQKPGQAPRTLIYDTSNKHSWTPARFSGSLLGGKAALTLLGAQPEDEAEYYCLLSYSGAR,24757-26979
A0A075B6J1,MAWTPLLLLLLSHCTGSLSQPVLTQPPSSSASPGESARLTCTLPSDINVGSYNIYWYQQKPGSPPRYLLYYYSDSDKGQGSGVPSRFSGSKDASANTGILLISGLQSEDEADYYCMIWPSNAS,26980-29316
A0A075B6J2,MAWALLLLTLLTQGTGSWAQSALTQPPFVSGAPGQSVTISCTGTSSDVGDYDHVFWYQKRLSTTSRLLIYNVNTRPSGISDLFSGSKSGNMASLTISGLKSEVEANYHCSLYSSSYTF,29317-31558
A0A075B6J6,MAWATLLLPLLNLYTGSVASYELTQLPSVSVSPGQTARITCSGDVLGENYADWYQQKPGQAPELVIYEDSERYPGIPERFSGSTSGNTTTLTISRVLTEDEADYYCLSGDEDNPS,31559-33743
A0A075B6J9,MAWALLLLTLLTQGTGSWAQSALTQPPSVSGSPGQSVTISCTGTSSDVGSYNRVSWYQQPPGTAPKLMIYEVSNRPSGVPDRFSGSKSGNTASLTISGLQAEDEADYYCSLYTSSSTF,33744-35985
A0A075B6K0,MAWIPLLLPLLTLCTGSEASYELTQPPSVSVSLGQMARITCSGEALPKKYAYWYQQKPGQFPVLVIYKDSERPSGIPERFSGSSSGTIVTLTISGVQAEDEADYYCLSADSSGTY,35986-38170
A0A075B6K2,MAWTPLLLSLLAHCTGSATSYELTQPHSVSVATAQMARITCGGNNIGSKAVHWYQQKPGQDPVLVIYSDSNRPSGIPERFSGSNPGNTATLTISRIEAGDEADYYCQVWDSSSDH,38171-40355
A0A075B6K4,MAWTPLLLPLLTFCTVSEASYELTQPPSVSVSPGQTARITCSGDALPKKYAYWYQQKSGQAPVLVIYEDSKRPSGIPERFSGSSSGTMATLTISGAQVEDEADYYCYSTDSSGNH,40356-42540
A0A075B6K5,MAWTALLLSLLAHFTGSVASYELTQPLSVSVALGQTARITCGGNNIGSKNVHWYQQKPGQAPVLVIYRDSNRPSGIPERFSGSNSGNTATLTISRAQAGDEADYYCQVWDSSTAH,42541-44725
A0A075B6K6,MAWVSFYLLPFIFSTGLCALPVLTQPPSASALLGASIKLTCTLSSEHSTYTIEWYQQRPGRSPQYIMKVKSDGSHSKGDGIPDRFMGSSSGADRYLTFSNLQSDDEAEYHCGESHTIDGQVG,44726-47043
A0A075B6L2,MPLVVAVIFFSLWVFALGQLEQPEISISRPANKSAHISWKASIQGFSSKIIHWYWQKPNKGLEYLLHVFLTISAQDCSGGKTKKLEVSKNAHTSTSTLKIKFLEKEDEVVYHCACWIRH,47044-49304
A0A075B6L6,MGTRLLCWAALCLLGADHTGAGVSQTPSNKVTEKGKDVELRCDPISGHTALYWYRQSLGQGPEFLIYFQGTGAADDSGLPKDRFFAVRPEGSVSTLKIQRTEQGDSAAYLRASSL,49305-51489
A0A075B6N1,MSNQVLCCVVLCLLGANTVDGGITQSPKYLFRKEGQNVTLSCEQNLNHDAMYWYRQDPGQGLRLIYYSQIVNDFQKGDIAEGYSVSREKKESFPLTVTSAQKNPTAFYLCASSI,51490-53674
A0A075B6N2,MLLLLLLLGPGSGLGAVVSQHPSRVICKSGTSVKIECRSLDFQATTMFWYRQFPKQSLMLMATSNEGSKATYEQGVEKDKFLINHASLTLSTLTVTSAHPEDSSFYICSAR,53675-55783
A0A075B6N3,MASLLFFCGAFYLLGTGSMDADVTQTPRNRITKTGKRIMLECSQTKGHDRMYWYRQDPGLGLQLIYYSFDVKDINKGEISDGYSVSRQAQAKFSLSLESAIPNQTALYFCATSDL,55784-57987
A0A075B6N4,MTIRLLCYVGFYFLGAGLMEADIYQTPRYLVIGTGKKITLECSQTMGHDKMYWYQQDPGMELHLIHYSYGVNSTEKGDLSSESTVSRIRTEHFPLTLESARPSHTSQYLCASSE,57988-60153
A0A075B6P5,MRLPAQLLGLLMLWVSGSSGDIVMTQSPLSLPVTPGEPASISCRSSQSLLHSNGYNYLDWYLQKPGQSPQLLIYLGSNRASGVPDRFSGSGSGTDFTLKISRVEAEDVGVYYCMQALQTP,60154-62433
A0A075B6Q5,MMEFGLSWVFLVAIFKGVQCEVQLVESGEGLVQPGGSLRLSCAASGFTFSSYAMHWVRQAPGKGLEYVSAISSNGGSTYYADSVKGRFTISRDNSKNTLYLQMGSLRAEDMAVYYCAR,62434-64675
A0A075B6R0,MQWALAVLLAFLSPASQKSSNLEGRTKSVIRQTGSSAEITCDLAEGSNGYIHWYLHQEGKAPQRLQYYDSYNSKVVLESGVSPGKYYTYASTRNNLRLILRNLIENDFGVYYCATWDG,64676-66917
A0A075B6R2,MKHLWFFLLLVAAPRWVLSQVQLQESGPGLVKPSGTLSLTCAVSGGSISSSNWWSWVRQPPGKGLEWIGEIYHSGSTNYNPSLKSRVTISVDKSKNQFSLKLSSVTAADTAVYYCAR,66918-69140
A0A075B6R9,MRLLAQLLGLLMLWVPGSSGDIVMTQTPLSSPVTLGQPASISFRSSQSLVHSDGNTYLSWLQQRPGQPPRLLIYKVSNRFSGVPDRFSGSGAGTDFTLKISRVEAEDVGVYYCTQATQFP,69141-71420
A0A075B6S0,NYYKKLFGSGTTLVVT,71421-71724
A0A075B6S2,MRLPAQLLGLLMLWIPGSSADIVMTQTPLSLSVTPGQPASISCKSSQSLLHSDGKTYLYWYLQKPGQPPQLLIYEVSNRFSGVPDRFSGSGSGTDFTLKISRVEAEDVGVYYCMQSIQLP,71725-74004
A0A075B6S4,MDMRVPAQLLGLLLLWFPGARCNIQMTQSPSAMSASVGDRVTITCRARQGISNYLAWFQQKPGKVPKHLIYAASSLQSGVPSRFSGSGSGTEFTLTISSLQPEDFATYYCLQHNSYP,74005-76227
A0A075B6S5,MDMRVPAQLLGLLLLWLPDTRCDIQMTQSPSSLSASVGDRVTITCRASQGISNYLAWYQQKPGKVPKLLIYAASTLQSGVPSRFSGSGSGTDFTLTISSLQPEDVATYYCQKYNSAP,76228-78450
A0A075B6S6,MRLPAQLLGLLMLWVPGSSGDVVMTQSPLSLPVTLGQPASISCRSSQSLVYSDGNTYLNWFQQRPGQSPRRLIYKVSNWDSGVPDRFSGSGSGTDFTLKISRVEAEDVGVYYCMQGTHWP,78451-80730
A0A075B6S9,MDMRVPAQLLGLLLLWVPGARCDIQLTQSPSSLSASVGDRVTITCRVSQGISSYLNWYRQKPGKVPKLLIYSASNLQSGVPSRFSGSGSGTDFTLTISSLQPEDVATYYGQRTYNAP,80731-82953
A0A075B6T6,MKSLRVLLVILWLQLSWVWSQQKEVEQNSGPLSVPEGAIASLNCTYSDRGSQSFFWYRQYSGKSPELIMFIYSNGDKEDGRFTAQLNKASQYVSLLIRDSQPSDSATYLCAVN,82954-85100
A0A075B6T7,MAFWLRSLGLHFRPHLGRRMESFLGGVLLILWLQVDWVKSQKIEQNSEALNIQEGKTATLTCNYTNYSPAYLQWYRQDPGRGPVFLLLIRENEKEKRKERLKVTFDTTLKQSLFHITASQPADSATYLCALD,85101-87627
A0A075B6T8,MNSSPGPAIALFLMFGGINGDSVVQTEGQVLPSEGDSLIVNCSYETTQYPSLFWYVQYPGEGPQLHLKAMKANDKGRNKGFEAMYRKETTSFHLEKDSVQESDSAVYFCALS,87628-89755
A0A075B6U4,MEKMRRPVLIIFCLCLGWANGENQVEHSPHFLGPQQGDVASMSCTYSVSRFNNLQWYRQNTGMGPKHLLSMYSAGYEKQKGRLNATLLKNGSSLYITAVQPEDSATYFCAVD,89756-91883
A0A075B6V5,MMKCPQALLAIFWLLLSWVSSEDKVVQSPLSLVVHEGDTVTLNCSYEVTNFRSLLWYKQEKKAPTFLFMLTSSGIEKKSGRLSSILDKKELFSILNITATQTGDSAIYLCAVE,91884-94049
A0A075B6W5,MDKILGASFLVLWLQLCWVSGQQKEKSDQQQVKQSPQSLIVQKGGISIINCAYENTAFDYFPWYQQFPGKGPALLIAIRPDVSEKKEGRFTISFNKSAKQFSSHIMDSQPGDSATYFCAAS,94050-96367
A0A075B6X5,MLSASCSGLVILLIFRRTSGDSVTQTEGPVTLPERAALTLNCTYQSSYSTFLFWYVQYLNKEPELLLKSSENQETDSRGFQASPIKSDSSFHLEKPSVQLSDSAVYYCALR,96368-98476
A0A075B6Y3,GYSSASKIIFGSGTRLSIRP,98477-98856
A0A075B6Y9,YGGSQGNLIFGKGTKLSVKP,98857-99236
A0A075B700,NNNARLMFGDGTQLVVKP,99237-99578
A0A075B706,TDKLIFGKGTRVTVEP,99579-99882
